,post_id,publish_date,user_id,parent_id,parent_user_id,content,url,language,interaction_type,platform,community,strict_filter,sentiment_vader
0,d7e20d53-9ce7-500d-868c-e376bb0b1e03,1388536063.0,1bdbc0a9-0e79-5841-985d-dd602228787c,,,wuuuuuuutwut,,English,COMMENT,reddit,fatpeoplehate,,0.0
1,fdfddbcc-3012-5a65-a45e-2cb50cdcdcbe,1388593213.0,1bdbc0a9-0e79-5841-985d-dd602228787c,,,JIGGLE JIGGLE MOTHERFUCKERS,,English,COMMENT,reddit,fatpeoplehate,,0.0
2,48d009a2-bb2e-5640-9e0a-42325df8eeec,1390867599.0,1bdbc0a9-0e79-5841-985d-dd602228787c,,,I AGREE WITH THIS SENTIMENT.,,English,COMMENT,reddit,fatpeoplehate,,0.3612
3,0575ba46-137d-572d-9fdf-e4031b75c9da,1394922467.0,1bdbc0a9-0e79-5841-985d-dd602228787c,,,"#&gt;very sex

#&gt;very

#&gt;sex

AM DONE WITH INTERWEB.",,English,COMMENT,reddit,fatpeoplehate,,0.0
4,30b00703-a739-5c11-b7dd-00eee8d692e6,1395368060.0,1bdbc0a9-0e79-5841-985d-dd602228787c,,,What a bitch.,,English,COMMENT,reddit,fatpeoplehate,,-0.5859
5,71bd7670-4dcf-505c-a166-0788d6d2781e,1396739251.0,1bdbc0a9-0e79-5841-985d-dd602228787c,,,WHAAAAAAAAAAAAAAAAAAAAAAAAAAAAAAAAAAAAAAAAAAAAAAAAAAAAAAAAAAAAAAAAAAAAAAAAAAAAAAAAAAAAAAAAAAAAAAAAAAAAAAAAAAAAAAAAAAAAAAAAAAAAAAAAAAAAAAAAAAAAAAAAAAAAAAAAAAAAAAAAAAAAAAAAAAAAAAAAAAT,,English,COMMENT,reddit,fatpeoplehate,,0.0
6,7f7eb569-599b-5739-b290-6e2bf8b84fb3,1397521660.0,1bdbc0a9-0e79-5841-985d-dd602228787c,,,That right there is incentive enough.,,English,COMMENT,reddit,fatpeoplehate,,0.3612
